chapter_id	entry_id	meaning	Nenets_Phonemic	comment
1	100	world	tir̃ʔʔniy	
1	210	earth, land	ya	
1	212	earth=ground, soil	ya; yaʔsʸar̃ʔʔ	
1	213	dust	sibʸa	
1	214	mud	war̃ʔʔ	
1	215	sand	tab	
1	220	mountain, hill	xoy	
1	222	cliff, precipice	talʸbʸa	
1	230	plain, field	labta	
1	240	valley	labta ya; moŋga	
1	250	island	ŋo	
1	260	mainland	ya	
1	270	shore	war̃; yawʔ xɨy; yawʔ xew	
1	310	water	iʔʔ	
1	320	sea	yamʔ	
1	322	calm (of sea)	xeʔʔnʸo	About weather.
1	324	foam	sisʸo	
1	329	ocean	itʸa ŋabtʸenʸa	
1	330	lake	to	
1	340	gulf, bay	paxa	
1	342	reef	idʔ ŋɨlɨ talʸbʸa	
1	343	headland, point	salʸa; mar̃a	
1	350	wave	xamba; xambaʔ ŋewa	
1	352	tide	yawʔ iʔʔ; xas	
1	353	lowtide	xas; idʔ xaʔʔam	
1	354	hightide	yawʔ iʔʔ	
1	360	river, stream, brook	yaxa; loxor̃ta	
1	362	whirlpool	xe; idʔ sʸur̃na	
1	370	spring, well	loxor̃ta; nʸer̃mʸa	
1	380	swamp	sabolʔʔ; lɨmbad	
1	390	waterfall	idʔ pʸur̃nana	
1	410	woods, forest	pedar̃a	
1	420	tree (cf 08.600)	pʸa	
1	430	wood	pʸa	
1	440	stone, rock	pe	
1	450	earthquake	yaʔ lʸadʔʔma	
1	510	sky	numʔ	
1	520	sun	xayer̃ʔʔ	
1	530	moon	ir̃iy; ir̃ɨ	
1	540	star	numgɨ	
1	550	lightning	xeʔ tu	
1	560	thunder	xeʔ	
1	570	lightning (as striking)	xeʔ tu	
1	580	storm	sata mʸer̃c̷ʸa	
1	590	rainbow	nuwʔ sʸoyar̃ʔʔ; nuwʔ panu	
1	610	light (noun)	yalʸa	
1	620	darkness	pewdʸa	
1	630	shade, shadow	tid	
1	640	dew	yabta	
1	710	air	indʔʔ	
1	720	wind	mʸer̃c̷ʸa	
1	730	cloud	tir̃	
1	740	fog	sinʸo	
1	750	rain (noun)	sar̃ʸo	
1	760	snow (noun)	sɨr̃a	
1	770	ice	salaba; ser̃ʔʔ	
1	780	weather	numda	
1	810	fire	tu	
1	820	flame (noun)	leyo	
1	830	smoke (noun)	yake	
1	840	ashes	tuʔ sibʸa	
1	841	embers	mor̃ʸoc̷ʸaʔʔ yataʔʔmaʔʔ	
1	851	burn (vb trans)	par̃adamba	
1	852	burn (vb intrans)	par̃ana	
1	860	light, kindle, ignite	tumdasʸ; tʸunʸesʸ	
1	861	extinguish	xabtaba	
1	870	match (noun)	sʸer̃a	
1	880	firewood	pʸaʔʔ; tuʔ pʸa	
1	890	charcoal	pʸaʔ yataʔʔma	
2	100	person, human being	nʸenec̷ʸʔ	
2	210	man (vs. woman)	xasawa	
2	220	woman	nʸe	
2	230	male	xasawa	
2	240	female	nʸe	
2	250	boy	xasawa ŋac̷ʸekɨ	
2	251	young man (adolescent)	nanɨ; ŋac̷ʸ xibʸa	
2	260	girl	nʸe ŋac̷ʸekɨ	
2	261	young woman (adolescent)	pir̃ibtʸa	
2	270	child	ŋac̷ʸekɨʔʔ	Plural form, 'children'.
2	280	infant, baby	ŋayabeko	
2	310	husband	xasawa; wesako	
2	320	wife	nʸe; puxuc̷ʸa	
2	330	marry	nʸelʸe; xayepa xesʸ	
2	340	marriage, wedding	nʸelʸewa; xayepawa; tʸunʸa	
2	341	divorce	sidʸaɨʔ xewa	
2	350	father	nisʸa	
2	360	mother	nʸebʸa	
2	370	parents	soyabtawɨʔʔ	
2	380	married man	nʸesawey	
2	390	married woman	xayepada	
2	410	son	nʸu	
2	420	daughter	nʸe nʸu	
2	440	brother	nʸa	
2	444	older brother	nʸeka; ninʸeka	
2	445	younger brother	papa	
2	450	sister	nʸe nʸa	
2	454	older sister	nʸabako	
2	455	younger sister	nʸe papa	
2	456	sibling	nʸa; nʸe nʸa	
2	458	twins	yaxasaxaʔ	
2	460	grandfather	ir̃i	
2	461	old man	wesako; wesey	
2	470	grandmother	xada	
2	471	old woman	puxuc̷ʸa; puxu	
2	480	grandson	nʸuʔ nʸu	
2	490	granddaughter	nʸuʔ nʸe nʸu; nʸe nʸuʔ nʸe nʸu	
2	510	uncle	tidʸa	
2	511	mother's brother	tidʸa	
2	512	father's brother	tidʸa	
2	520	aunt	nʸeya	
2	521	mother's sister	nʸeya	
2	522	father's sister	nʸabako	
2	530	nephew	mʸaŋg; nʸu	
2	540	niece	nʸe mʸaŋg; nʸe nʸu	
2	560	ancestors	ir̃iʔʔ-xadaʔʔ	
2	570	descendants	nʸuʔ	
2	610	father-in-law (of a man)	ŋɨnab; ir̃i	
2	611	father-in-law (of a woman)	ŋɨnab; ir̃i	
2	620	mother-in-law (of a man)	nʸe ŋɨnab; xada	
2	621	mother-in-law (of a woman)	nʸe ŋɨnab	
2	630	son-in-law (of a man)	iy	
2	631	son-in-law (of a woman)	iy	
2	640	daughter-in-law (of a man)	mʸeya	
2	641	daughter-in-law (of a woman)	mʸeya	
2	720	stepmother	nʸaba	
2	730	stepson	wadar̃a	
2	740	stepdaughter	nʸe wadar̃a	
2	750	orphan	yewako	
2	760	widow	ser̃a nʸe	
2	770	widower	ser̃a	
2	820	family	tuʔ tʸer̃ʔʔ	
2	910	I	manʸ	
2	920	you (singular)	pɨdar̃	
2	930	he/she/it	pɨda	
2	940	we	maniʔ; manʸaʔʔ	
2	950	you (plural)	pɨdar̃iʔ; pɨdar̃aʔʔ	
2	960	they	pɨdiʔ; pɨdoʔ	
3	110	animal	sar̃mik	
3	120	male (adj)	xor̃a	
3	130	female (adj)	sibʸako; yetʸa	
3	160	pasture	xado	
3	180	herdsman	tɨber̃tʸa	
3	210	bull	xabt	
3	230	cow	xor̃awa	
3	240	calf	suyu	
3	250	sheep	ŋawc̷ʸa	
3	260	ram	par̃an	
3	280	ewe	ŋawc̷ʸa	
3	290	lamb	ŋawc̷ʸaʔ nʸu	
3	340	sow (2)	par̃asʸ	
3	350	pig	par̃asʸʔ nʸu	
3	410	horse (equine)	yuno	
3	420	stallion	yunoʔ xor̃a	
3	440	mare	yunoʔ nʸebʸa	
3	450	foal, colt	yunoʔ suyu	
3	500	fowl	xar̃adʔ tir̃tʸa	
3	520	cock, rooster	xar̃adʔ xor̃kɨ	
3	550	chicken	xanʸey	
3	560	goose	yabto	
3	570	duck	ŋaʔʔŋu	
3	580	nest	pidʸa	
3	581	bird	tir̃tʸa	
3	582	seagull	xalew	
3	584	eagle	limbʸa	
3	585	hawk	xanawey	
3	586	vulture	sapsan	
3	591	bat	pʸenzo	
3	593	crow	war̃ŋe	
3	596	owl	xanʸebc̷ʸo	
3	610	dog	wenʸeko; weʔ	
3	614	rabbit	nʸawa; tewasi	
3	620	cat	xoska	
3	630	mouse, rat	pisʸa; idʔ pisʸa	
3	650	fish	xalʸa	
3	652	fin (dorsal)	tor̃a	
3	653	fishscale	sʸaw	
3	654	gill	tʸar̃ʔʔ	
3	655	shell	yawʔ xa	
3	663	whale	xaleʔ	
3	710	wolf	sar̃mik	
3	730	bear	war̃k	
3	740	fox	tʸonʸa	
3	750	deer	tɨ	
3	760	monkey	ŋaya tar̃ʔʔ	
3	810	insect	mair̃ta	
3	811	louse	panzʸeʔʔe	
3	812	nit (louse egg)	talik	
3	813	flea	luxu	
3	818	spider	lʸar̃c̷o	
3	819	spider web	lʸar̃c̷oʔ poŋga	
3	823	wasp	xeb	
3	830	fly	toxondabc̷o	
3	831	sandfly (midge), gnat	nibʸer̃ʸo	
3	832	mosquito	nʸenʸaŋg	
3	840	worm	xalc̷o	
3	920	butterfly	lambar̃ʸo	
3	950	frog	tʸamdeʔʔ	
3	960	lizard	tanz	
4	110	body	ŋaya	
4	120	skin, hide	tobyowa; xoba	
4	130	flesh	ŋamza	
4	140	hair (head)	ŋebtʔ yaʔʔ	
4	142	beard	munoc̷ʸʔ	
4	144	body hair	ŋebt; ŋewaʔ tar̃ʔʔ	
4	145	pubic hair	maʔʔnɨʔ tar̃ʔʔ	
4	146	dandruff	siwolʔʔ	
4	150	blood	xemʔ; weya	
4	151	vein, artery	xewʔ paŋg; weyaʔ paŋg	
4	160	bone	lɨ	
4	162	rib	xewc̷ʸʔ	
4	170	horn	nʸamd	
4	180	tail	tewa	
4	190	back	maxa	
4	191	spine	ledɨ	
4	200	head	ŋewa	
4	201	side of head, temple	nilʸnʸa	
4	202	skull	ŋewaʔ lɨ; ŋeweyc̷ʸʔ	
4	203	brain	ŋewey	
4	204	face	sʸaʔʔ	
4	205	forehead	tay	
4	207	jaw	nʸaŋu	
4	208	cheek	padu	
4	209	chin	nʸaŋu	
4	210	eye	sew	
4	212	eyebrow	nir̃c̷ʸʔ	
4	213	eyelid	sewʔ war̃	
4	214	eyelash	sewʔ tar̃ʔʔ	
4	215	blink	sewmʔ xayemlamba	
4	220	ear	xa	
4	221	earlobe	xaʔ lambʸa	
4	222	earwax	xaʔ labar̃ʔʔ	
4	230	nose	pɨya	
4	231	nostril	pɨyaʔ si	
4	232	mucus (nasal)	nadʔ	
4	240	mouth	nʸaʔ	
4	241	beak	tir̃tʸaʔ pɨya	
4	250	lip	pibtʸaʔ	
4	260	tongue	nʸamʸu	
4	270	tooth	tibʸa	
4	271	gums	tiwʔ ŋamza	
4	272	molartooth	taʔʔwanabc̷ʸʔ	
4	280	neck	ik	
4	281	nape of neck	pawe	
4	290	throat	xuŋgo	
4	300	shoulder	mar̃c̷ʸʔ	
4	301	shoulderblade	sʸudɨ; mar̃c̷ʸʔ lɨ	
4	302	collarbone	mar̃c̷ʸʔ lɨ	
4	310	arm	ŋuda	
4	312	armpit	sʸalʔ	
4	320	elbow	salik	
4	321	wrist	ŋudaʔ sexer̃ʔʔ	
4	330	hand	ŋuda	
4	331	palm of hand	pʸeʔ	
4	340	finger	ŋudaʔ tar̃ka	
4	342	thumb	pikc̷ʸa	
4	344	fingernail	xada	
4	345	claw	xada	
4	350	leg	ŋey	
4	351	thigh	yeyʔ	
4	352	calf of leg	nʸelak	
4	360	knee	pulɨ	
4	370	foot	ŋe	
4	371	ankle	ŋeʔ sexer̃ʔʔ	
4	372	heel	yenʸad	
4	374	footprint	ŋeʔ ŋɨlʔʔ	
4	380	toe	ŋeʔ tar̃ka	
4	392	wing	to	
4	393	feather	toʔ tar̃ʔʔ	
4	400	chest	lembar̃a	
4	410	breast (of woman)	ŋamʸa	
4	412	nipple, teat	ŋamʸaʔ mal	
4	420	udder	xor̃awaʔ ŋamʸa	
4	430	navel	sʸuʔ	
4	440	heart	sʸey	
4	441	lung	tiwak	
4	450	liver	mɨd	
4	451	kidney	suik	
4	452	spleen	lʸusi	
4	460	stomach	nʸanko; pir̃c̷i	Resepctively: human and animal stomach; bird stomach.; Resepctively: human and animal stomach; bird stomach.
4	461	intestines, guts	sʸonzʸaʔ tar̃ʔʔ	
4	462	waist	sʸudɨ	
4	463	hip	yeyʔ	
4	464	buttocks	xar̃c̷i; mor̃tɨʔʔ	
4	470	womb	nʸeʔ ŋesʸʔ	
4	490	testicle	nʸalo	
4	492	penis	xonda; xor̃a	
4	510	breathe, breath	indadmʔ nekalpa; indʔʔ	
4	520	yawn, gape	nʸaŋger̃c̷ʸ	
4	521	hiccough	sʸoydar̃c̷ʸ	
4	530	cough	xodor̃c̷ʸ	
4	540	sneeze	pɨyadar̃c̷ʸ	
4	550	perspire	nʸoxomba	
4	560	spit	sabc̷ʸbasʸ	
4	570	vomit	todnor̃c̷ʸ	
4	580	bite	sʸakalpa	
4	590	lick	nʸanzba	
4	591	dribble	muŋgana	
4	610	sleep	xonʸo	
4	612	snore	nar̃na	
4	620	dream	yudesʸ	
4	630	wake up	sidʸeba; sidʸe	
4	640	break wind	par̃ner̃c̷ʸ	
4	650	urinate	ŋanzac̷ʸ	
4	660	defecate	palka	
4	670	have sexual intercourse	saʔʔyesʸ	
4	680	shiver	lʸedr̃ʸe	
4	690	bathe	masna	
4	710	beget (of father)	soyabta	
4	720	born (to be)	soya	
4	730	pregnant	saŋgowota	
4	732	conceive	saŋgowoc̷ʸ	
4	740	live, living, life	ilʸe; ilʸena; ilʔ	
4	750	die, dead	xaŋga; xa; xawɨ	
4	751	drowned	pakalmɨ	
4	760	kill	xada	
4	780	bury (the dead)	sʸur̃pa; tinʸemba	
4	790	grave, tomb	xalʸmʸer̃ʔ waŋg; xalʸmʸer̃ʔ tin	
4	810	strong, mighty, powerful	nɨxɨta; mebʸeta	
4	820	weak	nɨxɨsʸada	
4	830	well, health	sʸenzʸ; yedʸasʸada; yedʸasʸawa	
4	840	sick, sickness	xaŋgur̃ta; xabc̷ʸaʔ; yedʸa	
4	841	fever	yadʸo	
4	843	cold (catarrh)	xanʸʔʔlar̃awa	
4	850	wound, sore	mʸer̃ʸo	
4	852	bruise	tanzʸo	
4	853	swelling	payena; posʸo	
4	854	itch	yakdey	
4	855	blister	idar̃ʔʔ	
4	856	boil (noun)	mʸer̃ʸo	
4	857	pus	xaʔʔ	
4	860	cure, heal	sawumdamba	
4	870	physician	lʸekar̃ʔʔ	
4	880	medicine, drug	par̃don	
4	890	poison	ŋabtʔʔ	
4	910	tired, weary	pedawɨ	
4	912	rest	nɨlana	
4	920	lazy	lek	
4	930	bald	ŋewa mʸar̃ʸoy	
4	940	lame	medna	
4	950	deaf	xasʸada	
4	960	mute	nʸanzʸada	
4	970	blind	sewsʸada	
4	980	intoxicated	yabʸenʸa	
4	990	naked, bare	par̃kasʸada	
5	110	eat	ŋawor̃c̷ʸ	
5	120	food	ŋawar̃	
5	121	cooked	pir̃ʸewɨ	
5	122	raw	ŋayabey	
5	123	ripe	xolkabey; xolkawɨ	
5	124	green, unripe	yedabey	
5	125	rotten	tibʸey	
5	130	drink	idar̃c̷ʸ	
5	140	hunger	ŋawor̃c̷ʸawa	
5	141	famine	ŋawor̃c̷ʸawa	
5	150	thirst	idiʔʔma	
5	160	suck	nimnʸeba	
5	180	chew	taʔʔwaba	
5	181	swallow	nʸalmba	
5	190	choke	xabtʸumdana; soxomdamba	Respectively: intransitive; transitive.; Respectively: intransitive; transitive.
5	210	cook	pir̃ʸeba	
5	220	boil (vb)	pir̃ʸe	
5	230	roast, fry	yabc̷aba	
5	240	bake	yabc̷ba	
5	250	oven	pʸečka; xor̃	
5	270	kettle	yed	
5	310	dish	pʸed	
5	320	plate	pʸed	
5	330	bowl	nar̃o	
5	350	cup, drinking vessel	sandʸa; xɨdʸa	
5	360	saucer	pʸedkec̷ʸa	
5	370	spoon	xu	
5	380	knife (2)	xar̃	
5	391	tongs	tɨc̷ʸaʔ	
5	410	meal (a)	tol; tolʸ	
5	420	breakfast	sʸay; xuwɨ ŋawar̃	
5	430	lunch	xuwɨ ŋawar̃	
5	440	dinner	yalʸey ŋawar̃	
5	450	supper	pewsʸumdawa	
5	460	peel	yaxasʸ; yexebasʸ; sisʸtʸembasʸ	
5	470	sieve, strain	ter̃aba	
5	480	scrape	war̃ʸepa	
5	490	stir, mix	xulc̷opa	
5	510	bread	nʸanʸ	
5	530	dough	lʸeska	
5	540	knead	xulc̷opa	
5	550	meal, flour	mayaʔ	
5	560	crush, grind	nʸayelpa	
5	570	mill	nʸayolabc̷ʸʔ	
5	610	meat	ŋamza	
5	640	soup, broth	ya; yewey	
5	650	vegetables	ŋawor̃taʔ ŋamdeʔʔ	
5	712	bunch	sʸar̃uw	
5	770	nut	naxar̃ʔʔ	
5	790	oil	yur̃ʔʔ	
5	791	grease, fat	tuʔʔ	
5	810	salt	ser̃ʔʔ	
5	850	sugar	saxar̃ʔʔ	
5	860	milk (noun)	malaka	
5	870	milk (vb)	doiba	
5	890	butter	yur̃ʔʔ	
5	900	beverage, drink	ŋer̃pada	
5	920	wine	yabʸe iʔʔ; sʸar̃ka	
5	970	egg	sar̃ʔʔnʸu	
5	971	egg yolk	tasik	
6	110	put on (clothes)	yembtana	
6	120	clothing, clothes	yembdʸar̃ʔʔ; imbɨtʔʔ	
6	130	tailor	sedor̃ana	
6	210	cloth	toxoʔʔ; noy	
6	220	wool	tar̃ʔʔ	
6	230	linen, flax	toxoʔʔ	
6	240	cotton	toxoʔʔ	
6	250	silk	xambka	
6	280	fur	xobaʔ tar̃ʔʔ	
6	290	leather	tobyowa	
6	310	spin	paŋgalpa	
6	330	weave	sʸar̃ba	
6	350	sew	sedor̃asʸ	
6	360	needle	nibʸa	
6	370	awl	pinʸamindʸa	
6	380	thread	ten; temboy	
6	390	dye	ŋotabasʸ	
6	410	cloak	yar̃	
6	420	woman's dress	imbɨtʔʔ	
6	430	coat	lad panɨ	
6	440	shirt	imbɨtʔʔ	
6	450	collar	ikadʔʔ	
6	480	trousers	piʔʔmʸa	
6	490	stocking, sock	čulka	
6	510	shoe	xutɨ; xar̃nak	
6	520	boot	xutɨ	
6	540	shoemaker, cobbler	xutɨ sedabada	
6	550	hat, cap	sawa	
6	570	belt, girdle	ni	
6	580	glove	ŋoba	
6	610	pocket	sʸep	
6	620	button	sisʸʔ	
6	710	ornament, adornment	mec̷eymdambabc̷ʸʔ	
6	720	jewel	mir̃ʸec̷ʸʔ	
6	730	ring (for finger)	ŋudaʔ yesʸa	
6	740	bracelet	ŋudaʔ xar̃aʔ yesʸa	
6	760	bead	ŋodʸako	
6	770	earring	xawoʔʔpʸa	
6	780	headband, headdress	ŋewaʔ sʸeʔ	
6	810	handkerchief, rag	pɨyaʔ tec̷ʸaʔ; nadʔ tec̷ʸaʔ; tec̷ʸaʔ	Respectively: handkerchief; handkerchief; rag.; Respectively: handkerchief; handkerchief; rag.; Respectively: handkerchief; handkerchief; rag.
6	820	towel	tec̷ʸaʔ	
6	910	comb	tir̃c̷ʸʔ	
6	921	braid	paŋgalpasʸ	
6	930	razor	pidnabc̷ʸʔ	
6	940	ointment	yur̃itaʔʔma	
6	950	soap	lansʸak; mɨla	
6	960	mirror	sʸadober̃c̷ʸʔ	
7	110	dwell, live	ilʸesʸ	
7	120	house	xar̃d; xar̃ad	
7	170	cookhouse	ŋawar̃ pir̃ʸenzʸolawa	
7	180	meeting house	tuyoʔʔlawa	
7	210	room	xar̃adʔ niŋg	
7	220	door, gate	nʸo; nʸoʔʔ	
7	230	lock (noun)	paklabc̷ʸʔ; taman	
7	231	latch, door-bolt	nʸeʔ nʸaʔʔmor̃c̷ʸʔ	
7	250	window	sidʸer̃ʔʔ; sidʸer̃ʔsi	
7	260	floor	lata	
7	310	fireplace	pʸečka; xor̃	
7	320	stove	pʸečka; xor̃	
7	330	chimney	makoda	
7	370	ladder	tanac̷ʸʔ	
7	420	bed	waʔʔaw	
7	421	pillow	pɨr̃kabtʔʔ	
7	422	blanket	toʔ	
7	430	chair	ŋamdʸosʸʔ; ŋamdʸor̃c̷ʸʔ	
7	440	table	tol; tolʸ	
7	460	candle	sʸer̃ʸekabtʔʔ; sʸedar̃kabt	
7	510	roof	xar̃adʔ maxaley	
7	560	post, pole	sal; ŋu	
7	570	board	lata	
7	620	brick	xɨr̃bisʸ	
8	160	fence	wapasʸ	
8	170	ditch	waŋg; yer̃wɨ ya	
8	220	dig	sabkabasʸ	
8	230	spade	siwa	
8	240	shovel	siwa	
8	311	seed	yaʔsew; sibʸako	
8	330	sickle, scythe	ixilabc̷ʸʔ	
8	510	grass	ŋamdeʔʔ; ŋumʔ	
8	520	hay	ŋumʔ	
8	530	plant (noun)	ŋamdeʔʔ	
8	531	plant (vb)	ŋamtambasʸ	
8	540	root	wano; paŋg; paxaʔ	
8	550	branch	mo; tar̃ka	
8	560	leaf	weba	
8	570	flower	ŋamdeʔʔ	
8	600	tree	pʸa	
8	610	oak	tɨbɨyowa	
8	630	birch	xo	
8	640	pine	ye	
8	650	fir	xadɨ	
8	680	tobacco	sʸar̃	
8	690	smoke (tobacco)	sʸar̃pʸaŋgosʸ	
8	691	pipe	sʸar̃ʔpʸa	
8	720	tree stump	sal	
8	730	tree trunk	pʸaʔ xanɨr̃ʔʔ	
8	740	forked branch	tar̃lʸaŋg; tar̃kasawey	
8	750	bark	sʸabt	
8	760	sap	tʸebt	
8	970	nettle	nac̷dey	
8	980	mushroom	tudako	
9	110	do, make	sʸer̃tabasʸ	
9	120	work	manzar̃asʸ	
9	140	bend	wɨyar̃pasʸ	
9	150	fold	pembasʸ	
9	160	tie, bind	sʸar̃asʸ	
9	161	untie	yekabasʸ	
9	180	chain	yesʸa inʸa	
9	190	rope, cord	inʸa	
9	192	knot (noun)	yu	
9	210	strike (hit, beat)	lador̃pasʸ; lador̃c̷ʸ	
9	211	pound with fist	tɨr̃ar̃c̷ʸ	
9	220	cut	madabasʸ; sapbasʸ	
9	221	cut down	madaybtʸesʸ	
9	222	chop, hew	sapbasʸ	
9	223	stab	ŋetpasʸ	
9	230	knife	xar̃	
9	240	scissors, shears	ŋebtober̃c̷ʸʔ	
9	250	ax	tubka	
9	251	adze	sʸabar̃c̷ʸʔ	
9	260	break	malʸyembasʸ	
9	261	broken	malʸyewɨ	
9	270	split	pepasʸ	
9	280	tear	ŋadpasʸ	
9	290	flay, skin	yaxabasʸ	
9	310	rub, wipe	wɨr̃dambasʸ	
9	320	stretch	weŋgalasʸ	
9	330	pull	nekalpasʸ	
9	340	spread out	lʸexebtambasʸ	
9	341	hang up	ŋɨdar̃ambasʸ; ŋɨdar̃asʸ	
9	342	press	teʔʔlpasʸ	
9	343	squeeze, wring	latr̃ambasʸ	
9	350	pour	xamdabasʸ	
9	360	wash	xaltambasʸ	
9	370	sweep	naʔʔwolpasʸ	
9	380	broom	lataʔ to	
9	422	tool	mir̃w	
9	430	carpenter	mir̃tʸa	
9	440	build	mir̃c̷ʸ	
9	460	bore	par̃eŋgopasʸ	
9	461	hollow out	sabkabasʸ	
9	480	saw	ixibc̷ʸʔ; pila	
9	490	hammer	ma	
9	500	nail	tʸeb; yesʸa tʸeb	
9	560	glue	ibʸa	
9	600	smith, blacksmith	yadar̃ta	
9	610	forge	yadasʸ	
9	620	anvil	yadac̷ʸʔ paŋg	
9	630	cast (metals)	xamdabasʸ	
9	640	gold	solot	
9	650	silver	nʸeney	
9	660	copper, bronze	nʸar̃awa	
9	670	iron	yesʸa	
9	680	lead (noun)	xubtʔʔ	
9	690	tin, tinplate	yesʸa	
9	720	mold (clay etc)	labc̷ʸer̃pasʸ	
9	730	clay	nʸaxaba	
9	740	glass	pe	
9	750	weave, plait	paŋgalpasʸ	
9	770	mat	xuʔʔnʸer̃ʔʔ	
9	840	chisel	sitabc̷ʸʔ	
9	880	paint (noun)	ŋo; ŋolʸepʸa	
9	890	paint (vb)	ŋotabasʸ	
10	110	move	nʸenzxalasʸ	
10	120	turn over	sʸur̃xalʸesʸ; xambxalʸesʸ	
10	130	turn around	sʸur̃ʸelʸesʸ	
10	140	wind, wrap	pebtambasʸ; manonzʸ	
10	150	roll	mantalambasʸ	
10	160	drop (vb)	mantembasʸ; mantesʸ	
10	170	twist	sʸur̃tʸembasʸ	
10	210	rise	yur̃kasʸ	
10	220	raise, lift	ilasʸ	
10	230	fall	moʔʔnaŋgasʸ; moʔʔnasʸ	
10	240	drip	tesasʸ	
10	250	throw	masʸ	
10	252	catch (ball)	nʸaʔʔmasʸ	
10	260	shake	lɨmbr̃asʸ	
10	320	flow	tesasʸ; loxor̃c̷ʸ	
10	330	sink	seyr̃asʸ; pakalc̷ʸ	
10	350	swim	ŋoxolʸosʸ; xuʔʔlʸosʸ	
10	351	dive	seyr̃anasʸ	
10	352	splash	tʸanar̃c̷ʸ	
10	360	sail (vb)	xater̃c̷ʸ; ŋoxolʸosʸ; xuʔʔlʸosʸ	
10	370	fly (vb)	tir̃c̷ʸ	
10	380	blow	posɨbasʸ	
10	410	creep, crawl	nʸenzar̃c̷ʸ; nʸalodor̃c̷ʸ	
10	412	kneel	pulɨbtʸosʸ	
10	430	jump, leap	sanasʸ	
10	431	kick	yenʸedar̃c̷ʸ	
10	440	dance	tar̃asʸ	
10	450	walk	minzʸ; yader̃c̷ʸ	
10	451	limp	medasʸ	
10	460	run	sʸur̃basʸ	
10	470	go	yadasʸ; minzʸ	
10	471	go up	ilŋgasʸ; tantanasʸ	
10	472	climb	tantanasʸ	
10	473	go down	xaʔʔmotanasʸ	
10	474	go out	tar̃potanasʸ; tar̃pasʸ	
10	480	come	tosʸ; tur̃c̷ʸ	
10	481	come back	salc̷ʸ; saltanasʸ	
10	490	go away, depart	tar̃pasʸ	
10	491	disappear	yaŋguwor̃c̷ʸ	
10	510	flee	sʸur̃basʸ	
10	520	follow	maniyesʸ; ŋudopasʸ	
10	530	pursue	nʸodasʸ; pitar̃pasʸ	
10	550	reach, arrive	tosʸ	
10	560	approach	xaxayatanasʸ	
10	570	enter	tʸusʸ; nʸalc̷ʸ	
10	610	carry (bear)	minʸesʸ; minar̃c̷ʸ	
10	620	bring	tasʸ; tewr̃asʸ	
10	630	send	ŋedar̃asʸ	
10	640	lead (vb)	wadasʸ; wadabasʸ	
10	650	drive	tanabasʸ	
10	660	ride	minzʸ	
10	670	push, shove	tɨr̃c̷pasʸ	
10	710	road	sʸexer̃ɨ	
10	720	path	sar̃pʸa	
10	740	bridge	pul	
10	750	carriage, wagon, cart	sʸur̃nʸa xan	
10	760	wheel	sʸur̃nʸa	
10	810	ship	ŋano	
10	830	boat	ŋano	
10	831	canoe	xoyʔ ŋano	
10	850	oar	labʸa	
10	851	paddle (noun)	labʸa	
10	852	row (vb)	labitasʸ	
10	870	mast	yesʸer̃ʔ pʸa	
10	880	sail (noun)	yesʸer̃ʔʔ	
11	110	have	tanʸasʸ; mec̷ʸ	
11	120	own, possess	tanʸasʸ; mec̷ʸ	
11	130	take	mesʸ; nʸaʔʔmasʸ	
11	140	seize, grasp	nʸaʔʔmar̃pasʸ	
11	150	hold	nʸaʔʔambasʸ	
11	160	get, obtain	nʸaʔʔmasʸ; tewasʸ; xadasʸ	
11	170	keep, retain	nʸaʔʔambasʸ	
11	180	thing	ŋamger̃i	
11	210	give	tasʸ	
11	220	give back	mic̷ʸ	
11	240	preserve, look after	letr̃ambasʸ	
11	250	save, rescue	ŋedasʸ	
11	270	destroy	yaŋgumdasʸ; taxabtasʸ	
11	310	seek, look for	pʸur̃c̷ʸ	
11	320	find	xombasʸ; xosʸ	
11	330	lose	yoc̷ʸ	
11	340	release, let go	ŋedar̃asʸ	
11	430	money	yesʸa	
11	440	coin	yesʸa	
11	510	rich	teta; sawailʸenʸa	
11	520	poor	maŋgbada	
11	530	beggar	mʸador̃ta	
11	540	avaricious, stingy	mar̃o	
11	610	lend	ŋatʸewlambasʸ	
11	620	borrow	ŋatʸewlʸesʸ	
11	640	debt	ŋatʸebʸa	
11	650	pay (vb)	saldasʸ	
11	660	account, reckoning	tolɨr̃ʔʔ	
11	690	tax, tribute	ŋewaʔ mir̃ʔʔ	
11	770	hire	nʸedwaʔʔlʸesʸ	
11	780	wages	nʸedbʸa	
11	790	earn	nʸedwac̷ʸ	
11	810	buy	temdasʸ	
11	820	sell	mir̃dac̷ʸ	
11	830	trade, barter	mir̃dapasʸ	
11	840	merchant	waskuy; mir̃datana	
11	860	store, shop	lawka; temdolawa	
11	870	price	mir̃ʔʔ	
11	880	dear (costly, expensive)	mir̃ʸeta	
11	890	cheap	mir̃c̷ʸeda	
11	910	share (distribute)	tʸar̃pasʸ	
11	920	weigh	ŋɨdabasʸ; ŋɨdasʸ	
12	10	after	puna	
12	11	behind	tʸaxaʔ; punʸana	
12	20	beside	ir̃suʔ; xewxana	
12	30	down, below	tasinʸa; tasiʔ	Respectively: situation; moving to.; Respectively: situation; moving to.
12	40	before	ŋesondʔ; nʸer̃nʸana	
12	41	front	nʸer̃nʸaŋɨ	
12	50	inside, in	mʸunʸa	
12	70	under	ŋɨlʔ; ŋɨlnʸa	
12	80	up, above	tʸuʔʔuna; ninʸa; nimnʸa	
12	110	place	ya	
12	120	put	nultasʸ; pembasʸ	
12	130	sit	ŋamdʸosʸ	
12	140	lie down	yusʸedasʸ	
12	150	stand	nusʸ	
12	160	remain, stay	xayosʸ	
12	170	remains, left overs	xayoʔʔmʸa; xayocey	
12	210	collect, gather	maʔʔlambasʸ	
12	212	pick up	ilbasʸ	
12	213	pile up	ŋonabtasʸ	
12	220	join, unite	ŋomdasʸ	
12	230	separate	yaŋgr̃ʸesʸ	
12	232	divide	tʸar̃pasʸ	
12	240	open	nesʸ	
12	250	shut, close	talasʸ	
12	260	cover	sindasʸ	
12	270	hide, conceal	sʸur̃pasʸ	
12	310	high	pir̃c̷ʸa	
12	320	low	lamdo	
12	330	top	tʸuʔʔuy; ŋewa	
12	340	bottom	ŋɨlad	
12	350	end	mal	
12	352	pointed	sawak	
12	353	edge	nʸand	
12	360	side	xew	
12	370	middle, center	yer̃kɨ; yoney	
12	410	right (side)	maxanʸaŋɨ	
12	420	left (side)	sʸatanʸaŋɨ	
12	430	near (adv)	xaxai	
12	440	far (adv)	ŋaxaʔʔna	
12	450	east	yalʸaʔ tar̃pʔʔ; xuwɨ yalumdadʔ min	
12	460	west	yalʸaʔ ŋadʸ min	
12	470	north	ŋer̃m	
12	480	south	yalʸaʔyer̃ʔʔ min	
12	530	grow	wadʸodanasʸ	
12	540	measure	yolʸc̷ʸebasʸ	
12	541	span, fathom	tibʸa	
12	550	large, big	ŋar̃ka; sʸudbʸa	
12	560	small, little	nʸudʸa	
12	570	long	yamb	
12	580	tall	pir̃c̷ʸa	
12	590	short	xemʔ	
12	610	wide, broad	lata	
12	620	narrow	tɨya	
12	630	thick (in dimension)	nʸaŋota	
12	650	thin (in dimension)	yabta	
12	670	deep	yor̃ʸa	
12	680	shallow	tor̃a	
12	710	flat	labc̷ʸoy	
12	730	straight	nʸenza	
12	740	crooked	pay	
12	750	hook	wada	
12	760	corner	loxo	
12	780	square	tʸetloxo	
12	810	round	sʸur̃tʸaw	
12	820	circle	sʸur̃tʸaw	
12	830	sphere, ball	posʸo	
12	840	line	yenaxalma	
12	850	hole	si	
12	920	like, similar	toʔʔolxa; toʔʔlaxa	
12	930	change	padaba	
13	0	zero, nothing	ŋamgexer̃t	
13	10	one	ŋopoy	
13	20	two	sidʸa	
13	30	three	nʸaxar̃ʔʔ	
13	40	four	tʸet	
13	50	five	samlʸaŋg	
13	60	six	matʔʔ	
13	70	seven	siʔʔiw	
13	80	eight	sidndʸet	
13	90	nine	xasuyuʔʔ	
13	100	ten	yuʔʔ	
13	101	eleven	ŋobʔʔ yaŋgnʸa	
13	102	twelve	sidʸa yaŋgnʸa	
13	103	fifteen	samlʸaŋg yaŋgnʸa	
13	104	twenty	sidʸa yuʔʔ	
13	105	hundred	yur̃ʔʔ	
13	106	thousand	yonar̃ʔʔ	
13	107	count	tolabasʸ	
13	140	every, all	xusuwey	
13	150	much, many	ŋoka	
13	160	more	ŋar̃kar̃ka	
13	170	little (quantity), few	tʸanʸo	
13	180	enough	mesʸ	
13	181	some	sʸanmboy; tʸanʸo	
13	190	multitude, crowd	ŋoka; xibʸar̃iʔ mandalʔʔ	
13	210	full	panta	
13	220	empty	tʸer̃sʸada	
13	230	part, piece	pʸelʸa	
13	240	half	pʸelʸa	
13	330	alone, only	ŋobʔʔ; ŋopoy; walakada	
13	340	first	nʸur̃tʸey; nʸer̃tʸey	
13	350	last	pudana	
13	360	second	nʸabimdʸey	
13	370	pair	xewas	
13	380	two times	sidʸa mewaʔ; sidʸaʔ	
13	420	third	nʸaxar̃amdey	
13	440	three times	nʸaxar̃ʔ; nʸaxar̃ʔ mewaʔ	
14	110	time	yolʸc̷ʸʔ; wato	
14	120	age	yondʸer̃ʔʔ	
14	130	new	yedey	
14	140	young	ŋac̷ʸ; ŋac̷ʸmboy	
14	150	old	wesako; nʸewxɨ	Respectively: about people; about subject.; Respectively: about people; about subject.
14	160	early	mʸer̃ʔ; mʸer̃uwna	
14	170	late	yanoc̷ʸ	
14	180	now	tʸedaʔ	
14	190	immediately	tikaxana; tikɨr̃inda	
14	210	swift, fast, quick	mʸer̃ʸeta	
14	220	slow	yana	
14	230	hasten, hurry	par̃umbasʸ	
14	240	retard, delay	yanadasʸ	
14	250	begin, beginning	pʸasʸ; nʸer̃dʸenʸa	
14	252	last, endure	wenaŋgasʸ	
14	260	end (temporal)	mal	
14	270	finish	yolʸc̷ʸesʸ	
14	280	cease, stop	ŋewadasʸ	
14	310	always	piliʔʔ; malʔ	
14	320	often	ŋobkad	
14	330	sometimes	xanʸaŋexena	
14	331	soon	lakr̃iʔ; ŋelomʔ	
14	332	long-time (for a)	ponʔ	
14	340	never	sʸaxaŋgar̃tʔ	
14	350	again	ŋaniʔ	
14	410	day	yalʸa	
14	420	night	pi	
14	430	dawn	yalumdʔʔ	
14	440	morning	xuwɨ; xu	
14	450	noon, midday	yalʸaʔ yer̃ʔ; yalʸaʔ pʸelʸa	
14	460	evening	pewsʸumbɨ	
14	470	today	tʸuku yalʸaʔ	
14	480	tomorrow	xunʸana; tʸebtaʔ	
14	481	day-after-tomorrow	xuniy tʸaxakuna	
14	490	yesterday	tʸey yalʸaʔ; tʸenʸana	
14	491	day-before-yesterday	tʸey tʸaxakuna	
14	510	hour	sʸas	
14	530	clock, timepiece	sʸasʔʔ	
14	610	week	siʔʔiw yalʸa	
14	620	Sunday	nɨlanawa yalʸa	
14	710	month	ir̃iy	
14	730	year	po	
14	740	winter	sɨwɨ; sɨr̃a	
14	750	spring	nar̃a	
14	760	summer	taʔ	
14	770	autumn	ŋer̃ʸo	
14	780	season	poʔ yolʸc̷ʸʔ	
15	210	smell (vb intrans)	ŋabtʸesʸ	
15	212	sniff	tʸunar̃pasʸ	
15	220	smell (vb trans)	tʸunʸebasʸ; tʸunar̃pasʸ	
15	250	fragrant, good smelling	ŋabtʸenʸa	
15	260	stinking, bad smelling	ŋabtʸenʸa	
15	310	taste	sʸakɨbtasʸ	
15	350	sweet	ŋamnʸalada	
15	360	salty	ser̃c̷awey	
15	370	bitter	war̃ʸyada; ibc̷ʸada	
15	380	acid, sour	tibʸey	
15	390	brackish	ser̃c̷aweyar̃ka	
15	410	hear	namdor̃c̷ʸ	
15	420	listen	inzʸelʸesʸ	
15	440	sound, noise	muʔ	
15	450	loud	satawna	
15	460	quiet, silence	xeʔʔnʸer̃ʔʔ	
15	510	see	maniyesʸ	
15	520	look, look at	sɨr̃c̷ʸ	
15	550	show	maneʔʔlabtasʸ	
15	560	shine	yabʸer̃ʸesʸ	
15	570	bright	pesʸdasʸ yalʸa	
15	620	light (in color)	tir̃sʸada	
15	630	dark (in color)	pewdʸa	
15	640	white	ser̃ʔʔ; ser̃ako	
15	650	black	par̃idʸenʸa	
15	660	red	nʸar̃yana	
15	670	blue	tanzʸenana; numlaxa	
15	680	green	padʸar̃axa; ŋamdeʔʔlaxa	
15	690	yellow	tasʸexey	
15	710	touch	manzabtambasʸ	
15	712	pinch	ŋɨbar̃pasʸ	
15	720	feel	xor̃pasʸ	
15	740	hard	toyenana	
15	750	soft	nʸulak	
15	760	rough	nasor̃tana; nasor̃pey	
15	770	smooth	salmuy	
15	780	sharp	paʔʔmʸa	
15	790	blunt, dull	tɨnxa	
15	810	heavy	saŋgowota	
15	820	light (in weight)	sibi	
15	830	wet, damp	saʔʔnʸuy	
15	840	dry	xasuy	
15	850	hot	iba; yadʸembada	
15	851	warm	iba	
15	860	cold	tʸec̷ʸda	
15	870	clean	war̃c̷ʸada	
15	880	dirty, soiled	war̃c̷awey	
15	890	wrinkled	tɨnar̃c̷awey	
16	110	soul, spirit	sʸonzʸa	
16	150	surprised, astonished	pɨsabtʸoda; mʸer̃ʸolʸewɨ	
16	180	good fortune, luck	yab	
16	190	misfortune, bad luck	yabsʸawa	
16	230	joyful, glad, happy	ilʸebʸadʸoda; maymbawa	
16	250	laugh	pisʸanzʸ	
16	251	smile	wanʸebtʸosʸ	
16	260	play	sʸanakosʸ	
16	270	love	menʸewa; xamsawa; menʸesʸ	Respectively: noun; verb.; Respectively: noun; verb.; Respectively: noun; verb.
16	290	kiss	nʸuc̷ʸambasʸ	
16	300	embrace	sʸewolpasʸ	
16	310	pain	yedʸa	
16	320	grief, sorrow, sadness	mayaʔ	
16	330	anxiety, worry	yayebtʸowa	
16	340	regret, be sorry	sʸanzʸ	
16	350	pity	sʸama	
16	370	cry, weep	yar̃c̷ʸ	
16	380	tear (noun)	xayal	
16	390	groan	taxasʸ	
16	410	hate	sexedawa; sexedasʸ	Respectively: noun; verb.; Respectively: noun; verb.
16	420	anger	sʸey; nʸenwa	
16	440	envy, jealousy	tidwa; yanawa	
16	450	shame (noun)	wewar̃axa	
16	480	proud	ŋar̃c̷iyeta	
16	510	dare	pir̃ac̷ʸ	
16	520	brave	pinsʸada	
16	530	fear, fright	pinwa	
16	540	danger	posakabtawa	
16	620	desire, want	xar̃wasʸ	
16	622	choose	ter̃abasʸ	
16	630	hope	yenawa; yenabc̷ʸʔ	
16	650	faithful	ŋobʔ imʔ meta	
16	660	true	nʸenesʸa	
16	670	lie, tell lies	siyesʸ	
16	680	deceit	tembar̃ʔʔ	
16	710	good	sawa	
16	720	bad	wewa	
16	730	right, correct	ir̃tʔʔ ŋeda sʸer̃ʔʔ; nʸenesʸa	
16	740	wrong	wanzʸer̃ʔ ŋeda	
16	760	fault	xar̃a	
16	770	mistake, error	yoxobor̃ma	
16	780	blame	tedor̃pawa	
16	790	praise	sawuʔʔma	
16	810	beautiful	sac̷ʸ sawa; sʸadota	
16	820	ugly	wewa	
16	830	greedy	xal; mar̃o	
16	840	clever	ibʸeta	
17	110	mind	i; i ŋuʔʔ	
17	130	think (= reflect)	ibʸedor̃c̷ʸ	
17	140	think (= be of the opinion)	ibʸedor̃c̷ʸ	
17	150	believe	punr̃ʸosʸ	
17	160	understand	xamadasʸ	
17	170	know	tʸenʸewasʸ	
17	171	guess	xombasʸ	
17	172	imitate	xetɨdoc̷ʸ	
17	180	seem	ŋesʸ	
17	190	idea, notion	i ŋuʔʔ	
17	210	wise	iŋudota	
17	220	foolish, stupid	saʔʔla	
17	230	insane, crazy	isʸada	
17	240	learn	toxolkosʸ	
17	242	study	toxolambasʸ	
17	250	teach	toxolambasʸ	
17	260	pupil	toxodanna	
17	270	teacher	toxolkoda	
17	280	school	toxolkolawa	
17	310	remember	tʸenʸesʸ	
17	320	forget	yur̃asʸ	
17	340	clear, plain	tir̃sʸada; ŋadʸda	
17	350	obscure	tir̃sawey	
17	360	secret	talʸe	
17	370	sure, certain	punr̃ʸowa	
17	380	explain	sabʔʔninzʸ	
17	410	intention, purpose	xar̃wabc̷o	
17	441	betray	mipasʸ	
17	450	need, necessity	tar̃awa	
17	460	easy	sibi	
17	470	difficult	saŋgowota	
17	480	try, attempt	xor̃pasʸ	
17	490	way, manner	mesɨʔʔ	
17	520	because	ŋadʸbʸanda; tar̃ʸemliʔ	
17	540	or	nibtʸa	
17	550	yes, affirmative	ŋaaʔ	
17	560	no, negative	nisʸ	
17	610	how?	xanzʸer̃ʔʔ	
17	620	how many?	sʸan	
17	630	how much?	sʸan	
17	640	what?	ŋamge	
17	650	when?	sʸaxaʔ; sʸaʔʔnʸa	
17	660	where?	xanʸana; xanʸaʔ	Respectively: situation; moving to.; Respectively: situation; moving to.
17	670	which?	xur̃ka; xanʸaŋɨ	
17	680	who?	xibʸa	
17	690	why?	ŋamge	
18	110	voice	sʸo	
18	120	sing	xɨnoc̷ʸ	
18	130	shout, cry out	tʸor̃ʸenasʸ	
18	150	whisper	xasabar̃c̷ʸ	
18	160	mumble	xalʸmʸer̃c̷ʸ; nʸunbʸar̃c̷ʸ	
18	170	whistle	sʸudar̃c̷ʸ	
18	180	shriek, screech	tʸor̃ɨr̃c̷ʸ; nar̃ɨr̃c̷ʸ	
18	190	howl	ŋobʸer̃c̷ʸ	
18	210	speak, talk	laxanasʸ	
18	211	stutter, stammer	maxasʸ	
18	220	say	masʸ	
18	221	tell story	xetbasʸ	
18	222	speech (make a)	nʸaʔʔambasʸ	
18	230	silent (be)	munzʸasʸ	
18	240	language	wada	
18	260	word	wada	
18	280	name	nʸumʔ	
18	310	ask (question, inquire)	yunr̃asʸ	
18	320	answer	xetasʸ	
18	340	deny	nʸaŋgar̃tasʸ	
18	350	ask, request	xanzʸ	
18	360	promise	wator̃pasʸ	
18	380	forbid	ŋewadalasʸ	
18	390	rebuke, scold	tedor̃pasʸ	
18	410	call (=summon)	xanzʸ	
18	420	call (=name)	nʸumdʸesʸ	
18	450	boast	posabtʸosʸ	
18	510	write	padnasʸ	
18	520	read	tolaŋgosʸ; tolabasʸ	
18	560	paper	padar̃ʔʔ	
18	570	pen	padnabc̷ʸʔ yesʸa	
18	610	book	kniga; padar̃ʔʔ	
18	670	poet	padnana	
18	740	rattle	munoʔʔla	
19	110	country	ya	
19	120	one's native country	soyaʔʔma ya	
19	150	city, town	mar̃ʔʔ	
19	160	village	ŋesɨ	
19	170	boundary	yaʔ war̃	
19	210	people (populace)	xibʸaʔʔ	
19	230	tribe, clan	tenz	
19	240	chief, chieftain	yer̃w	
19	250	staff, walking stick	pʸa	
19	310	rule, govern	yer̃wombasʸ	
19	320	king, ruler	par̃eŋgoda	
19	330	queen	par̃eŋgoda nʸe	
19	410	master	yer̃w	
19	420	slave	xabi	
19	430	servant	manzar̃anita	
19	450	command, order	tabadasʸ	
19	460	obey	namdor̃c̷ʸ	
19	510	friend, companion	nʸa; yur̃ʸo	
19	520	enemy	pʸaŋguy	
19	550	stranger	ŋadɨxɨ	
19	560	guest	mʸadonda	
19	570	host	yer̃w	
19	580	help, aid	nʸadasʸ	
19	590	hinder, prevent	tinzʸyer̃c̷ʸ	
19	610	custom	mesɨʔʔ	
19	620	strife, quarrel	pɨxɨʔʔ lʸowa	
19	650	meet	yadabtasʸ	
20	110	fight (vb)	pʸodasʸ	
20	130	war, battle	saynor̃ma; pʸodwa	
20	140	peace	saynor̃c̷ʸawa	Means 'without war'.
20	150	army	sayuw	
20	170	soldier	palɨtana	
20	210	weapons, arms	mir̃w	
20	220	club	pʸa	
20	240	bow	ŋɨn	
20	250	arrow	muŋg	
20	260	spear	nar̃ʸa	
20	270	sword	palɨ	
20	280	gun, cannon	tuni	
20	330	helmet	yesʸa sʸobʸa	
20	340	shield	yesʸa ŋedʸaʔ	
20	410	victory	waduwoʔʔma	
20	440	defend	ŋedanzʸur̃c̷ʸ; ŋedanzʸosʸ	
20	450	retreat	xar̃c̷anasʸ; punʸaʔ minzʸ	
20	460	surrender	mic̷ʸ	
20	471	guard, sentinel	yer̃aŋgoda	
20	480	booty, spoils	xanʸesey; xanʸeda	
20	510	fisherman	yor̃tʸa	
20	520	fishhook	wada	
20	540	fishnet	poŋga	
20	550	fish trap	nʸamzaxey	
20	560	bait	ŋawalʔʔ	
20	610	hunt	xanʸesʸ	
20	620	shoot	yenʸer̃c̷ʸ	
20	640	trap (noun)	yaŋgo	
20	650	trap (vb)	yaŋgonʔ nʸaʔʔmasʸ	
21	110	law	wato	
21	150	court	sud	
21	160	judge (vb)	sudʸeŋgosʸ	
21	180	judge (noun)	sudʸeŋgoda	
21	230	witness	xetnana	
21	240	swear	waletor̃c̷ʸ	
21	250	oath	walɨtawa	
21	310	accuse	womdar̃tasʸ	
21	320	condemn	sudʸesʸ	
21	330	convict (vb)	womdar̃tasʸ	
21	350	guilty	womdar̃ʸoda	
21	370	penalty, punishment	tanar̃awa	
21	390	prison, jail	sʸar̃olawa mʸaʔʔ	
21	420	murder	xadabawa	
21	430	adultery	saʔʔyewa	
21	440	rape	nʸemʔ womdar̃c̷ʸ	
21	460	arson	par̃adawa	
21	510	steal	talʸebasʸ; talʸesʸ	
21	520	thief	talʸey	
22	110	religion	punr̃ʸowa	
22	120	God	numʔ	
22	130	temple, church	xexe mʸaʔʔ	
22	150	sacrifice, offering	xan	
22	170	pray	tuyoc̷ʸ	
22	180	priest	xexedaŋgoda	
22	190	holy, sacred	xebidʸa	
22	220	preach	xetbasʸ	
22	230	bless	numʔ wadamʔ xetasʸ	
22	240	curse	waletor̃pasʸ	
22	260	fast (vb)	xasuy yalɨtasʸ	
22	310	heaven	numʔ	
22	320	hell	ad; ŋad	
22	370	idol	sʸadey	
22	430	sorcerer, witch	par̃ne	
22	450	ghost, phantom	wenzana	
22	470	omen, portent	wenzawa; wenzʸoy	
